[
  {
    "outputFileName": "wwwroot/css/Vendor.bundle.css",
    "inputFiles": [
      "wwwroot/css/devextreme/css/dx.common.css",
      "wwwroot/devextreme/css/dx.light.css",
      "wwwroot/css/devextreme/css/dx.material.blue.light",
      "wwwroot/css/bootstrap/css/bootstrap.min.css",
      "css/dx.material.blue.light.css"

    ],
    "minify": {
      "enabled": false,
      "adjustRelativePaths": false
    }
  },
  {
    "outputFileName": "wwwroot/js/Vendor.bundle.js",
    "inputFiles": [
      "wwwroot/css/devextreme/js/aspnet/dx.aspnet.data.js",
      "wwwroot/css/devextreme/js/dx.all.js",
      "wwwroot/css/devextreme/js/dx.aspnet.mvc.js",
      "wwwroot/lib/jquery/jquery.min.js",
      "wwwroot/bootstrap/js/bootstrap.bundle.min.js"

    ],
    "minify": {
      "enabled": false
    },
    "sourceMap": false
  }
]