{
  "version": "1.0",
  "defaultProvider": "cdnjs",
  "libraries": [
    {
      "library": "devextreme-dist@24.1.7",
      "destination": "wwwroot/lib/devextreme",
      "files": [
        "css/dx.material.blue.light.css",
        "css/icons/dxiconsfluent.ttf",
        "css/icons/dxiconsfluent.woff",
        "css/icons/dxiconsmaterial.woff2",
        "css/icons/dxicons.ttf",
        "css/icons/dxicons.woff",
        "css/icons/dxicons.woff2",
        "css/dx.light.css",
        "css/dx.common.css",
        "js/dx.all.js",
        "js/dx.aspnet.mvc.js"
      ]
    },
    {
      "library": "jquery@3.7.1",
      "destination": "wwwroot/lib/jquery",
      "files": [
        "jquery.min.js"
      ]
    },
    {
      "library": "bootstrap@5.3.3",
      "destination": "wwwroot/lib/bootstrap",
      "files": [
        "css/bootstrap.min.css",
        "js/bootstrap.bundle.min.js"
      ]
    },
    {
      "library": "devextreme-aspnet-data@5.0.0-beta",
      "destination": "wwwroot/lib/devextreme/aspnet/",
      "files": [
        "dx.aspnet.data.js"
      ]
    }
  ]
}